page_url;pageId_url;pageId;page_size
https://cwiki.apache.org/confluence/display/BIGTOP/Index;https://cwiki.apache.org/confluence/pages/viewinfo.action?pageId=27820311;27820311;68648
https://cwiki.apache.org/confluence/display/BIGTOP/Building;https://cwiki.apache.org/confluence/pages/viewinfo.action?pageId=69409920;69409920;70023
https://cwiki.apache.org/confluence/display/BIGTOP/Deploying+Build+Artifacts;https://cwiki.apache.org/confluence/pages/viewinfo.action?pageId=93323757;93323757;57035
https://cwiki.apache.org/confluence/display/BIGTOP/How+to+build+Bigtop-1.0;https://cwiki.apache.org/confluence/pages/viewinfo.action?pageId=61327734;61327734;59465
https://cwiki.apache.org/confluence/display/BIGTOP/How+to+build+Bigtop-1.1;https://cwiki.apache.org/confluence/pages/viewinfo.action?pageId=61340735;61340735;69304
https://cwiki.apache.org/confluence/display/BIGTOP/How+to+build+Bigtop-trunk;https://cwiki.apache.org/confluence/pages/viewinfo.action?pageId=51812271;51812271;68729
https://cwiki.apache.org/confluence/display/BIGTOP/Contributing;https://cwiki.apache.org/confluence/pages/viewinfo.action?pageId=69409929;69409929;64867
https://cwiki.apache.org/confluence/display/BIGTOP/Adding+a+new+component+to+Apache+Bigtop+bigdata+stack;https://cwiki.apache.org/confluence/pages/viewinfo.action?pageId=27846987;27846987;70686
https://cwiki.apache.org/confluence/display/BIGTOP/Bigtop+Packaging;https://cwiki.apache.org/confluence/pages/viewinfo.action?pageId=27838316;27838316;74840
https://cwiki.apache.org/confluence/display/BIGTOP/CTR+Model;https://cwiki.apache.org/confluence/pages/viewinfo.action?pageId=109454287;109454287;66609
https://cwiki.apache.org/confluence/display/BIGTOP/Hello+world+example+for+adding+a+new+package;https://cwiki.apache.org/confluence/pages/viewinfo.action?pageId=103089194;103089194;86843
https://cwiki.apache.org/confluence/display/BIGTOP/How+to+Contribute;https://cwiki.apache.org/confluence/pages/viewinfo.action?pageId=34018732;34018732;78056
https://cwiki.apache.org/confluence/display/BIGTOP/Packaging+Guidelines;https://cwiki.apache.org/confluence/pages/viewinfo.action?pageId=31825164;31825164;67004
https://cwiki.apache.org/confluence/display/BIGTOP/Packaging+Cookbook;https://cwiki.apache.org/confluence/pages/viewinfo.action?pageId=47384758;47384758;68140
https://cwiki.apache.org/confluence/display/BIGTOP/Deployment+and+Integration+Testing;https://cwiki.apache.org/confluence/pages/viewinfo.action?pageId=69409923;69409923;68887
https://cwiki.apache.org/confluence/display/BIGTOP/Bigtop+Provisioner+User+Guide;https://cwiki.apache.org/confluence/pages/viewinfo.action?pageId=51807848;51807848;73703
https://cwiki.apache.org/confluence/display/BIGTOP/Deploying+Bigtop%27s+Apache+Website;https://cwiki.apache.org/confluence/pages/viewinfo.action?pageId=40511287;40511287;74578
https://cwiki.apache.org/confluence/display/BIGTOP/Developing+with+iTest;https://cwiki.apache.org/confluence/pages/viewinfo.action?pageId=33297430;33297430;68896
https://cwiki.apache.org/confluence/display/BIGTOP/iTest.next;https://cwiki.apache.org/confluence/pages/viewinfo.action?pageId=27830512;27830512;70333
https://cwiki.apache.org/confluence/display/BIGTOP/Known+Working+Tests;https://cwiki.apache.org/confluence/pages/viewinfo.action?pageId=27842292;27842292;68987
https://cwiki.apache.org/confluence/display/BIGTOP/Next+generation+Puppet+code+for+Bigtop+deployment;https://cwiki.apache.org/confluence/pages/viewinfo.action?pageId=30754843;30754843;96437
https://cwiki.apache.org/confluence/display/BIGTOP/Running+integration%2C+system%2C+and+package+tests;https://cwiki.apache.org/confluence/pages/viewinfo.action?pageId=27833488;27833488;83793
https://cwiki.apache.org/confluence/display/BIGTOP/Setting+up+Bigtop+to+run+HBase+system+tests;https://cwiki.apache.org/confluence/pages/viewinfo.action?pageId=27834314;27834314;77279
https://cwiki.apache.org/confluence/display/BIGTOP/Writing+integration+and+system+tests;https://cwiki.apache.org/confluence/pages/viewinfo.action?pageId=27839423;27839423;69480
https://cwiki.apache.org/confluence/display/BIGTOP/Events;https://cwiki.apache.org/confluence/pages/viewinfo.action?pageId=69409908;69409908;68780
https://cwiki.apache.org/confluence/display/BIGTOP/Apache%3A+Big+Data+North+America+2017;https://cwiki.apache.org/confluence/pages/viewinfo.action?pageId=70256311;70256311;68785
https://cwiki.apache.org/confluence/display/BIGTOP/Apache+BigData+Budapest%2C+2015;https://cwiki.apache.org/confluence/pages/viewinfo.action?pageId=61319317;61319317;75103
https://cwiki.apache.org/confluence/display/BIGTOP/ApacheCON+2011+Meetup;https://cwiki.apache.org/confluence/pages/viewinfo.action?pageId=27830061;27830061;69711
https://cwiki.apache.org/confluence/display/BIGTOP/ApacheCon%2714;https://cwiki.apache.org/confluence/pages/viewinfo.action?pageId=40506322;40506322;74138
https://cwiki.apache.org/confluence/display/BIGTOP/Bigtop+Hack-a-thons;https://cwiki.apache.org/confluence/pages/viewinfo.action?pageId=39620341;39620341;71364
https://cwiki.apache.org/confluence/display/BIGTOP/April+Fool%27s+hackathon;https://cwiki.apache.org/confluence/pages/viewinfo.action?pageId=30760748;30760748;76499
https://cwiki.apache.org/confluence/display/BIGTOP/Bigtop+0.4.0+hackathon+May+17%2C+2012+agenda;https://cwiki.apache.org/confluence/pages/viewinfo.action?pageId=27844522;27844522;74771
https://cwiki.apache.org/confluence/display/BIGTOP/Bigtop+Hack-a-thon+Feb+7%2C+2014;https://cwiki.apache.org/confluence/pages/viewinfo.action?pageId=39620349;39620349;78927
https://cwiki.apache.org/confluence/display/BIGTOP/Hack-a-thon+Jan+27%2C+2015;https://cwiki.apache.org/confluence/pages/viewinfo.action?pageId=51807768;51807768;76357
https://cwiki.apache.org/confluence/display/BIGTOP/FOSDOM+2017;https://cwiki.apache.org/confluence/pages/viewinfo.action?pageId=69410134;69410134;68520
https://cwiki.apache.org/confluence/display/BIGTOP/Google+Summer+of+Code+2012;https://cwiki.apache.org/confluence/pages/viewinfo.action?pageId=27838638;27838638;82483
https://cwiki.apache.org/confluence/display/BIGTOP/Google+Summer+of+Code;https://cwiki.apache.org/confluence/pages/viewinfo.action?pageId=27838200;27838200;71407
https://cwiki.apache.org/confluence/display/BIGTOP/GSoC_2012_Contact_Information;https://cwiki.apache.org/confluence/pages/viewinfo.action?pageId=27838647;27838647;71419
https://cwiki.apache.org/confluence/display/BIGTOP/GSoC_2012_Student_Requirements;https://cwiki.apache.org/confluence/pages/viewinfo.action?pageId=27838649;27838649;71431
https://cwiki.apache.org/confluence/display/BIGTOP/GSOC+Ideas;https://cwiki.apache.org/confluence/pages/viewinfo.action?pageId=27838645;27838645;71912
https://cwiki.apache.org/confluence/display/BIGTOP/July%2713+Hackathon;https://cwiki.apache.org/confluence/pages/viewinfo.action?pageId=33297411;33297411;69311
https://cwiki.apache.org/confluence/display/BIGTOP/Meetings;https://cwiki.apache.org/confluence/pages/viewinfo.action?pageId=27824144;27824144;72572
https://cwiki.apache.org/confluence/display/BIGTOP/SCALE13x;https://cwiki.apache.org/confluence/pages/viewinfo.action?pageId=51811683;51811683;70033
https://cwiki.apache.org/confluence/display/BIGTOP/General;https://cwiki.apache.org/confluence/pages/viewinfo.action?pageId=69409926;69409926;69082
https://cwiki.apache.org/confluence/display/BIGTOP/Bigtop+CI+Setup+Guide;https://cwiki.apache.org/confluence/pages/viewinfo.action?pageId=61327299;61327299;93135
https://cwiki.apache.org/confluence/display/BIGTOP/Bigtop+Website+Notes+and+Ideas;https://cwiki.apache.org/confluence/pages/viewinfo.action?pageId=62697021;62697021;71762
https://cwiki.apache.org/confluence/pages/viewpage.action?pageId=27825348;https://cwiki.apache.org/confluence/pages/viewinfo.action?pageId=27825348;27825348;76739
https://cwiki.apache.org/confluence/display/BIGTOP/How+to+release;https://cwiki.apache.org/confluence/pages/viewinfo.action?pageId=27849974;27849974;111648
https://cwiki.apache.org/confluence/display/BIGTOP/Network+Ports+Reference;https://cwiki.apache.org/confluence/pages/viewinfo.action?pageId=30760275;30760275;75212
https://cwiki.apache.org/confluence/display/BIGTOP/Overview+of+Bigtop+Supported+Feature+Set;https://cwiki.apache.org/confluence/pages/viewinfo.action?pageId=100829166;100829166;137327
https://cwiki.apache.org/confluence/display/BIGTOP/Powered+By+Bigtop;https://cwiki.apache.org/confluence/pages/viewinfo.action?pageId=27850921;27850921;76619
https://cwiki.apache.org/confluence/display/BIGTOP/Projects+to+add+to+future+releases;https://cwiki.apache.org/confluence/pages/viewinfo.action?pageId=27823144;27823144;70358
https://cwiki.apache.org/confluence/display/BIGTOP/Quickstart+Guide%3A+Bigtop+Integration+Test+Framework+2.0;https://cwiki.apache.org/confluence/pages/viewinfo.action?pageId=109445774;109445774;77943
https://cwiki.apache.org/confluence/pages/viewpage.action?pageId=51811206;https://cwiki.apache.org/confluence/pages/viewinfo.action?pageId=51811206;51811206;72342
https://cwiki.apache.org/confluence/display/BIGTOP/Social+Media+Guidelines;https://cwiki.apache.org/confluence/pages/viewinfo.action?pageId=53740308;53740308;74504
https://cwiki.apache.org/confluence/display/BIGTOP/The+Community+goals+of+BigTop;https://cwiki.apache.org/confluence/pages/viewinfo.action?pageId=52592875;52592875;71619
https://cwiki.apache.org/confluence/display/BIGTOP/Getting+Started;https://cwiki.apache.org/confluence/pages/viewinfo.action?pageId=69409911;69409911;70377
https://cwiki.apache.org/confluence/display/BIGTOP/BigTop+U%3A+Exersizes;https://cwiki.apache.org/confluence/pages/viewinfo.action?pageId=51812476;51812476;72002
https://cwiki.apache.org/confluence/pages/viewpage.action?pageId=34018936;https://cwiki.apache.org/confluence/pages/viewinfo.action?pageId=34018936;34018936;72243
https://cwiki.apache.org/confluence/pages/viewpage.action?pageId=70256303;https://cwiki.apache.org/confluence/pages/viewinfo.action?pageId=70256303;70256303;79602
https://cwiki.apache.org/confluence/display/BIGTOP/How+to+install+Bigtop+0.7.0+hadoop+on+CentOS+with+puppet;https://cwiki.apache.org/confluence/pages/viewinfo.action?pageId=43189015;43189015;76869
https://cwiki.apache.org/confluence/display/BIGTOP/How+to+install+BigTop+0.8.0+hadoop+on+bare+metal+%28or+cloud%29+CentOS+-+with+puppet;https://cwiki.apache.org/confluence/pages/viewinfo.action?pageId=51811981;51811981;72780
https://cwiki.apache.org/confluence/display/BIGTOP/How+to+install+Bigtop+0.8.0+Hadoop+on+CentOS+6+with+Puppet;https://cwiki.apache.org/confluence/pages/viewinfo.action?pageId=58852993;58852993;76280
https://cwiki.apache.org/confluence/display/BIGTOP/How+to+install+Bigtop+1.0.0%28and+above%29+with+Bigtop+Provisioner;https://cwiki.apache.org/confluence/pages/viewinfo.action?pageId=61324820;61324820;70379
https://cwiki.apache.org/confluence/display/BIGTOP/How+to+install+Hadoop+distribution+from+Bigtop+0.3.0;https://cwiki.apache.org/confluence/pages/viewinfo.action?pageId=27831258;27831258;86675
https://cwiki.apache.org/confluence/display/BIGTOP/Running+various+Bigtop+components;https://cwiki.apache.org/confluence/pages/viewinfo.action?pageId=27842945;27842945;96326
https://cwiki.apache.org/confluence/display/BIGTOP/VM+installation;https://cwiki.apache.org/confluence/pages/viewinfo.action?pageId=27835545;27835545;74050
https://cwiki.apache.org/confluence/display/BIGTOP/How+to+install+Hadoop+distribution+from+Bigtop+0.4.0;https://cwiki.apache.org/confluence/pages/viewinfo.action?pageId=27851127;27851127;86418
https://cwiki.apache.org/confluence/display/BIGTOP/How+to+install+Hadoop+distribution+from+Bigtop+0.5.0;https://cwiki.apache.org/confluence/pages/viewinfo.action?pageId=30744561;30744561;87808
https://cwiki.apache.org/confluence/display/BIGTOP/How+to+install+Hadoop+distribution+from+Bigtop+0.6.0;https://cwiki.apache.org/confluence/pages/viewinfo.action?pageId=31824420;31824420;86879
https://cwiki.apache.org/confluence/display/BIGTOP/How+to+install+Hadoop+distribution+from+Bigtop+1.2.0;https://cwiki.apache.org/confluence/pages/viewinfo.action?pageId=69409933;69409933;73788
https://cwiki.apache.org/confluence/display/BIGTOP/Releases;https://cwiki.apache.org/confluence/pages/viewinfo.action?pageId=69409915;69409915;68444
https://cwiki.apache.org/confluence/display/BIGTOP/Bigtop+1.0.0+Release;https://cwiki.apache.org/confluence/pages/viewinfo.action?pageId=61325525;61325525;73208
https://cwiki.apache.org/confluence/display/BIGTOP/Bigtop+1.1.0+Release;https://cwiki.apache.org/confluence/pages/viewinfo.action?pageId=66854283;66854283;72812
https://cwiki.apache.org/confluence/display/BIGTOP/Bigtop+1.2.0+Known+Issues;https://cwiki.apache.org/confluence/pages/viewinfo.action?pageId=69406347;69406347;68828
https://cwiki.apache.org/confluence/display/BIGTOP/Bigtop+1.2.0+Release;https://cwiki.apache.org/confluence/pages/viewinfo.action?pageId=69405782;69405782;70436
https://cwiki.apache.org/confluence/display/BIGTOP/Bigtop+1.2.1+Known+Issues;https://cwiki.apache.org/confluence/pages/viewinfo.action?pageId=74688185;74688185;71062
https://cwiki.apache.org/confluence/display/BIGTOP/Bigtop+1.2.1+Release;https://cwiki.apache.org/confluence/pages/viewinfo.action?pageId=74687241;74687241;74537
https://cwiki.apache.org/confluence/display/BIGTOP/Bigtop+1.3.0+Release;https://cwiki.apache.org/confluence/pages/viewinfo.action?pageId=97552607;97552607;74104
https://cwiki.apache.org/confluence/display/BIGTOP/List+of+known+issues+on+various+platforms;https://cwiki.apache.org/confluence/pages/viewinfo.action?pageId=27826425;27826425;70434
https://cwiki.apache.org/confluence/display/BIGTOP/Release+0.1.0+Roadmap;https://cwiki.apache.org/confluence/pages/viewinfo.action?pageId=27823134;27823134;70222
https://cwiki.apache.org/confluence/display/BIGTOP/Release+0.2.0-incubating+Roadmap;https://cwiki.apache.org/confluence/pages/viewinfo.action?pageId=27825713;27825713;69672
https://cwiki.apache.org/confluence/display/BIGTOP/Release+0.3.0-incubating+roadmap;https://cwiki.apache.org/confluence/pages/viewinfo.action?pageId=27825759;27825759;68614
https://cwiki.apache.org/confluence/display/BIGTOP/sTuDs+Detroit+Lions+vs+Chicago+Bears+Live+SUNDAY+Night+NFL;https://cwiki.apache.org/confluence/pages/viewinfo.action?pageId=34833460;34833460;66340
https://cwiki.apache.org/confluence/display/BIGTOP/CCQ+Houston+Texans+vs+Seattle+Seahawks+Live+SUNDAY+Night+NFL;https://cwiki.apache.org/confluence/pages/viewinfo.action?pageId=34833528;34833528;62540
