https://cwiki.apache.org/confluence/display/HADOOP/Multi-node+Ozone+Cluster;https://cwiki.apache.org/confluence/pages/viewinfo.action?pageId=93325870;93325870
https://cwiki.apache.org/confluence/display/HADOOP/Single-node+dev+cluster;https://cwiki.apache.org/confluence/pages/viewinfo.action?pageId=73639481;73639481
https://cwiki.apache.org/confluence/display/HADOOP/Development+cluster+with+docker;https://cwiki.apache.org/confluence/pages/viewinfo.action?pageId=73639478;73639478
https://cwiki.apache.org/confluence/display/HADOOP/Try+out+Ozone;https://cwiki.apache.org/confluence/pages/viewinfo.action?pageId=93325864;93325864
https://cwiki.apache.org/confluence/display/HADOOP/Home;https://cwiki.apache.org/confluence/pages/viewinfo.action?pageId=65866089;65866089
https://cwiki.apache.org/confluence/pages/viewpage.action?pageId=75965105;https://cwiki.apache.org/confluence/pages/viewinfo.action?pageId=75965105;75965105
https://cwiki.apache.org/confluence/display/HADOOP/Bundled+dependencies;https://cwiki.apache.org/confluence/pages/viewinfo.action?pageId=103090924;103090924
https://cwiki.apache.org/confluence/display/HADOOP/Container+support;https://cwiki.apache.org/confluence/pages/viewinfo.action?pageId=103089153;103089153
https://cwiki.apache.org/confluence/display/HADOOP/Hadoop+2.x+to+3.x+Upgrade+Efforts;https://cwiki.apache.org/confluence/pages/viewinfo.action?pageId=85472630;85472630
https://cwiki.apache.org/confluence/display/HADOOP/Hadoop+Active+Release+Lines;https://cwiki.apache.org/confluence/pages/viewinfo.action?pageId=89071895;89071895
https://cwiki.apache.org/confluence/display/HADOOP/Hadoop+2.8.0+Release;https://cwiki.apache.org/confluence/pages/viewinfo.action?pageId=68721069;68721069
https://cwiki.apache.org/confluence/display/HADOOP/Hadoop+2.8+Release;https://cwiki.apache.org/confluence/pages/viewinfo.action?pageId=66854809;66854809
https://cwiki.apache.org/confluence/display/HADOOP/Hadoop+2.9+Release;https://cwiki.apache.org/confluence/pages/viewinfo.action?pageId=73637409;73637409
https://cwiki.apache.org/confluence/display/HADOOP/Hadoop+3.0.0+release;https://cwiki.apache.org/confluence/pages/viewinfo.action?pageId=66852646;66852646
https://cwiki.apache.org/confluence/display/HADOOP/Hadoop+3+release+status+updates;https://cwiki.apache.org/confluence/pages/viewinfo.action?pageId=66852920;66852920
https://cwiki.apache.org/confluence/display/HADOOP/Hadoop+3.0+Release;https://cwiki.apache.org/confluence/pages/viewinfo.action?pageId=75969397;75969397
https://cwiki.apache.org/confluence/display/HADOOP/Hadoop-AWS;https://cwiki.apache.org/confluence/pages/viewinfo.action?pageId=73630377;73630377
https://cwiki.apache.org/confluence/display/HADOOP/S3A%3A+FileNotFound+Exception+on+Read;https://cwiki.apache.org/confluence/pages/viewinfo.action?pageId=73630383;73630383
https://cwiki.apache.org/confluence/display/HADOOP/Hadoop+Contributor+Guide;https://cwiki.apache.org/confluence/pages/viewinfo.action?pageId=89071892;89071892
https://cwiki.apache.org/confluence/display/HADOOP/Git+And+Hadoop;https://cwiki.apache.org/confluence/pages/viewinfo.action?pageId=89071914;89071914
https://cwiki.apache.org/confluence/display/HADOOP/GitHub+Integration;https://cwiki.apache.org/confluence/pages/viewinfo.action?pageId=89071920;89071920
https://cwiki.apache.org/confluence/display/HADOOP/Hadoop+Mentorship;https://cwiki.apache.org/confluence/pages/viewinfo.action?pageId=100829292;100829292
https://cwiki.apache.org/confluence/display/HADOOP/Hadoop+Release+Validation;https://cwiki.apache.org/confluence/pages/viewinfo.action?pageId=80446904;80446904
https://cwiki.apache.org/confluence/display/HADOOP/How+To+Contribute;https://cwiki.apache.org/confluence/pages/viewinfo.action?pageId=70255755;70255755
https://cwiki.apache.org/confluence/display/HADOOP/How+to+generate+and+push+ASF+web+site+after+HADOOP-14163;https://cwiki.apache.org/confluence/pages/viewinfo.action?pageId=73633757;73633757
https://cwiki.apache.org/confluence/display/HADOOP/Hadoop+Java+Versions;https://cwiki.apache.org/confluence/pages/viewinfo.action?pageId=100827883;100827883
https://cwiki.apache.org/confluence/display/HADOOP/Ozone+Contributor+Guide;https://cwiki.apache.org/confluence/pages/viewinfo.action?pageId=73639464;73639464
https://cwiki.apache.org/confluence/display/HADOOP/Evaluate+Ozone;https://cwiki.apache.org/confluence/pages/viewinfo.action?pageId=110692934;110692934
https://cwiki.apache.org/confluence/display/HADOOP/Running+via+DockerHub;https://cwiki.apache.org/confluence/pages/viewinfo.action?pageId=110692935;110692935
https://cwiki.apache.org/confluence/display/HADOOP/Running+via+Apache+Release;https://cwiki.apache.org/confluence/pages/viewinfo.action?pageId=110692936;110692936
https://cwiki.apache.org/confluence/display/HADOOP/Downloading+Sources;https://cwiki.apache.org/confluence/pages/viewinfo.action?pageId=110692937;110692937
https://cwiki.apache.org/confluence/display/HADOOP/Single+Node+Deployment;https://cwiki.apache.org/confluence/pages/viewinfo.action?pageId=110692939;110692939
https://cwiki.apache.org/confluence/display/HADOOP/Multi+Node+Ozone+Cluster;https://cwiki.apache.org/confluence/pages/viewinfo.action?pageId=110692940;110692940
https://cwiki.apache.org/confluence/display/HADOOP/How+To+Contribute+to+Ozone;https://cwiki.apache.org/confluence/pages/viewinfo.action?pageId=127405674;127405674
https://cwiki.apache.org/confluence/display/HADOOP/Ozone+Community+Calls;https://cwiki.apache.org/confluence/pages/viewinfo.action?pageId=94798323;94798323
https://cwiki.apache.org/confluence/display/HADOOP/2019-06-03+Meeting+notes;https://cwiki.apache.org/confluence/pages/viewinfo.action?pageId=118168849;118168849
https://cwiki.apache.org/confluence/display/HADOOP/2019-06-10+Meeting+notes;https://cwiki.apache.org/confluence/pages/viewinfo.action?pageId=118168856;118168856
https://cwiki.apache.org/confluence/display/HADOOP/2019-06-17+Meeting+notes;https://cwiki.apache.org/confluence/pages/viewinfo.action?pageId=118172375;118172375
https://cwiki.apache.org/confluence/display/HADOOP/2019-06-24+Meeting+notes;https://cwiki.apache.org/confluence/pages/viewinfo.action?pageId=120721972;120721972
https://cwiki.apache.org/confluence/display/HADOOP/2019-07-01+Meeting+Notes;https://cwiki.apache.org/confluence/pages/viewinfo.action?pageId=120724093;120724093
https://cwiki.apache.org/confluence/display/HADOOP/2019-07-8+Meeting+Notes;https://cwiki.apache.org/confluence/pages/viewinfo.action?pageId=120729083;120729083
https://cwiki.apache.org/confluence/display/HADOOP/2019-07-15+Meeting+Notes;https://cwiki.apache.org/confluence/pages/viewinfo.action?pageId=120739031;120739031
https://cwiki.apache.org/confluence/display/HADOOP/2019-07-22+Meeting+notes;https://cwiki.apache.org/confluence/pages/viewinfo.action?pageId=122915797;122915797
https://cwiki.apache.org/confluence/display/HADOOP/2019-07-29+Meeting+Notes;https://cwiki.apache.org/confluence/pages/viewinfo.action?pageId=123898945;123898945
https://cwiki.apache.org/confluence/display/HADOOP/2019-08-12+Meeting+Notes;https://cwiki.apache.org/confluence/pages/viewinfo.action?pageId=125308109;125308109
https://cwiki.apache.org/confluence/display/HADOOP/2019-08-19+Meeting+Notes;https://cwiki.apache.org/confluence/pages/viewinfo.action?pageId=125309350;125309350
https://cwiki.apache.org/confluence/display/HADOOP/2019-08-26+Meeting+notes;https://cwiki.apache.org/confluence/pages/viewinfo.action?pageId=126684273;126684273
https://cwiki.apache.org/confluence/display/HADOOP/2019-09-16+Meeting+notes;https://cwiki.apache.org/confluence/pages/viewinfo.action?pageId=128652352;128652352
https://cwiki.apache.org/confluence/display/HADOOP/2019-09-23+Meeting+notes;https://cwiki.apache.org/confluence/pages/viewinfo.action?pageId=130027247;130027247
https://cwiki.apache.org/confluence/display/HADOOP/2019-09-30+Meeting+notes;https://cwiki.apache.org/confluence/pages/viewinfo.action?pageId=130028594;130028594
https://cwiki.apache.org/confluence/display/HADOOP/2019-10-07+Meeting+notes;https://cwiki.apache.org/confluence/pages/viewinfo.action?pageId=132320343;132320343
https://cwiki.apache.org/confluence/display/HADOOP/Ozone+Road+Map;https://cwiki.apache.org/confluence/pages/viewinfo.action?pageId=94798264;94798264
https://cwiki.apache.org/confluence/display/HADOOP/Using+Github+for+Ozone+development;https://cwiki.apache.org/confluence/pages/viewinfo.action?pageId=103093272;103093272
https://cwiki.apache.org/confluence/display/HADOOP/Run+Ozone+cluster+from+IDE;https://cwiki.apache.org/confluence/pages/viewinfo.action?pageId=103097898;103097898
https://cwiki.apache.org/confluence/display/HADOOP/Getting+Started+with+docker;https://cwiki.apache.org/confluence/pages/viewinfo.action?pageId=73639474;73639474
https://cwiki.apache.org/confluence/display/HADOOP/Running+Ozone+Smoke+Tests+and+Unit+Tests;https://cwiki.apache.org/confluence/pages/viewinfo.action?pageId=85476774;85476774
https://cwiki.apache.org/confluence/display/HADOOP/Modifying+the+Ozone+Website;https://cwiki.apache.org/confluence/pages/viewinfo.action?pageId=87295939;87295939
https://cwiki.apache.org/confluence/display/HADOOP/S3+gateway+development;https://cwiki.apache.org/confluence/pages/viewinfo.action?pageId=93324528;93324528
https://cwiki.apache.org/confluence/display/HADOOP/Ozone+Release+Guideline;https://cwiki.apache.org/confluence/pages/viewinfo.action?pageId=97551188;97551188
https://cwiki.apache.org/confluence/display/HADOOP/A+Spiritual+Guide+to+being+an+Ozone+Release+Manager;https://cwiki.apache.org/confluence/pages/viewinfo.action?pageId=115509269;115509269
https://cwiki.apache.org/confluence/display/HADOOP/Ozone+CI+experiments;https://cwiki.apache.org/confluence/pages/viewinfo.action?pageId=100827926;100827926
https://cwiki.apache.org/confluence/pages/viewpage.action?pageId=103088227;https://cwiki.apache.org/confluence/pages/viewinfo.action?pageId=103088227;103088227
https://cwiki.apache.org/confluence/display/HADOOP/Ozone+Docker+images;https://cwiki.apache.org/confluence/pages/viewinfo.action?pageId=103089150;103089150
https://cwiki.apache.org/confluence/display/HADOOP/Tips+and+Tricks;https://cwiki.apache.org/confluence/pages/viewinfo.action?pageId=103089216;103089216
https://cwiki.apache.org/confluence/display/HADOOP/Java+Profiling+of+Ozone;https://cwiki.apache.org/confluence/pages/viewinfo.action?pageId=103092284;103092284
https://cwiki.apache.org/confluence/display/HADOOP/Distributed+Tracing+in+Ozone;https://cwiki.apache.org/confluence/pages/viewinfo.action?pageId=103092445;103092445
https://cwiki.apache.org/confluence/display/HADOOP/Ozone+KMS;https://cwiki.apache.org/confluence/pages/viewinfo.action?pageId=110692807;110692807
https://cwiki.apache.org/confluence/display/HADOOP/Using+KMS;https://cwiki.apache.org/confluence/pages/viewinfo.action?pageId=110692808;110692808
https://cwiki.apache.org/confluence/display/HADOOP/KMS+Benchmark;https://cwiki.apache.org/confluence/pages/viewinfo.action?pageId=110692819;110692819
https://cwiki.apache.org/confluence/display/HADOOP/Deploy+Ozone+to+Kubernetes;https://cwiki.apache.org/confluence/pages/viewinfo.action?pageId=110693835;110693835
https://cwiki.apache.org/confluence/display/HADOOP/Deploy+to+Minikube;https://cwiki.apache.org/confluence/pages/viewinfo.action?pageId=113709054;113709054
https://cwiki.apache.org/confluence/display/HADOOP/Deploy+to+hosted+Kubernetes+cluster;https://cwiki.apache.org/confluence/pages/viewinfo.action?pageId=113709076;113709076
https://cwiki.apache.org/confluence/display/HADOOP/Deploy+development+build+to+minikube;https://cwiki.apache.org/confluence/pages/viewinfo.action?pageId=113709058;113709058
https://cwiki.apache.org/confluence/display/HADOOP/Deploy+development+build+to+hosted+Kubernetes;https://cwiki.apache.org/confluence/pages/viewinfo.action?pageId=113709056;113709056
https://cwiki.apache.org/confluence/display/HADOOP/Blog+posts+and+talks;https://cwiki.apache.org/confluence/pages/viewinfo.action?pageId=113708115;113708115
https://cwiki.apache.org/confluence/display/HADOOP/Java-based+configuration+API;https://cwiki.apache.org/confluence/pages/viewinfo.action?pageId=115511973;115511973
https://cwiki.apache.org/confluence/display/HADOOP/Ozone+test+tools;https://cwiki.apache.org/confluence/pages/viewinfo.action?pageId=115529067;115529067
https://cwiki.apache.org/confluence/display/HADOOP/Hadoop+Ozone+source+tree+split;https://cwiki.apache.org/confluence/pages/viewinfo.action?pageId=130028528;130028528
https://cwiki.apache.org/confluence/display/HADOOP/Ozone+Twitter+account;https://cwiki.apache.org/confluence/pages/viewinfo.action?pageId=132320559;132320559
https://cwiki.apache.org/confluence/display/HADOOP/Roadmap;https://cwiki.apache.org/confluence/pages/viewinfo.action?pageId=73637259;73637259
https://cwiki.apache.org/confluence/display/HADOOP/Secure+DataNode;https://cwiki.apache.org/confluence/pages/viewinfo.action?pageId=75956973;75956973
https://cwiki.apache.org/confluence/display/HADOOP/Submarine+Wiki+Resources;https://cwiki.apache.org/confluence/pages/viewinfo.action?pageId=103090602;103090602
https://cwiki.apache.org/confluence/display/HADOOP/Submarine+Contributor+Guide;https://cwiki.apache.org/confluence/pages/viewinfo.action?pageId=118164784;118164784
https://cwiki.apache.org/confluence/display/HADOOP/Submarine+Release+Guidelines;https://cwiki.apache.org/confluence/pages/viewinfo.action?pageId=118164793;118164793
https://cwiki.apache.org/confluence/display/HADOOP/Meeting+notes;https://cwiki.apache.org/confluence/pages/viewinfo.action?pageId=118168850;118168850
https://cwiki.apache.org/confluence/display/HADOOP/EOL+%28End-of-life%29+Release+Branches;https://cwiki.apache.org/confluence/pages/viewinfo.action?pageId=127405312;127405312
https://cwiki.apache.org/confluence/display/HADOOP/Proposals;https://cwiki.apache.org/confluence/pages/viewinfo.action?pageId=127405316;127405316
https://cwiki.apache.org/confluence/display/HADOOP/Submarine+Project+Spin-Off+to+TLP+Proposal;https://cwiki.apache.org/confluence/pages/viewinfo.action?pageId=127405318;127405318
